#link0@adc.com|123456|9618|male|VipA|install|male|global|
#link1@adc.com|123456|9736|female|VipA|install|female|global|
#link2@adc.com|123456|9377|male|VipA|自然渠道|male|global|
#link3@adc.com|123456|9426|male|VipA|自然渠道|female|global|
#link4@adc.com|123456|9469|female|VipB|自然渠道|female|global|
#link5@adc.com|123456|9462|male|VipB|自然渠道|male|global|
#link6@adc.com|123456|9479|male|VipC|自然渠道|male|global|
#link7@adc.com|123456|9617|female|VipC|默认|female|global|
#link8@adc.com|12345678|9589|male|normal free male|默认|all|global|
#link9@adc.com|123456|9619|female|normal free female|默认|female|global|
#Q0ScvHPh@rc.com|123456|9786|male|非色情免费男|AEO or InApp|female|global|
#yvtDDdn5@rc.com|123456|9787|male|非色情免费男|AEO or InApp|goddess|other|
#FAXkaRj3@rc.com|123456|9788|male|非色情免费男|AEO or InApp|female|global|
#SXc0kY1q@rc.com|123456|9789|male|非色情免费男|AEO or InApp|female|global|
#OlqiqgZi@rc.com|123456|9790|male|非色情vipA男|install|goddess|other|
#4hfNg9Qq@rc.com|123456|9791|male|非色情vipA男|install|female|global|
#07E4zjOM@rc.com|123456|9792|male|非色情vipA男|install|female|global|
#9LW1BhPy@rc.com|123456|9793|male|非色情vipA男|install|goddess|other|
#SohYBhwt@rc.com|123456|9794|male|非色情vipB男|install|female|global|
#gvoQ3xmF@rc.com|123456|9795|male|非色情vipB男|install|goddess|other|
#aohwDZ4t@rc.com|123456|9796|male|非色情vipB男|install|female|other|
#AsO4ck28@rc.com|123456|9797|male|非色情vipB男|install|goddess|other|
#on2ySZnY@rc.com|123456|9798|male|非色情vipC男|install|female|global|
#4L6Bsmje@rc.com|123456|9799|male|非色情vipC男|install|goddess|global|
#7apXHWmd@rc.com|123456|9800|male|非色情vipC男|install|female|other|
#gBPtvPft@rc.com|123456|9801|male|非色情vipC男|install|female|global|
#UPBhpdXe@rc.com|123456|9802|male|  色情免费男|AEO or InApp|female|other|
#byLFtFnD@rc.com|123456|9803|male|  色情免费男|AEO or InApp|female|other|
#hRVwjIdv@rc.com|123456|9804|male|  色情免费男|AEO or InApp|female|global|
#wVBLKJJz@rc.com|123456|9805|male|  色情免费男|AEO or InApp|goddess|global|
#NgTZVabk@rc.com|123456|9806|male|  色情vipA男|自然渠道|female|other|
#QtEJFV29@rc.com|123456|9807|male|  色情vipA男|自然渠道|female|other|
#D86a3rK5@rc.com|123456|9808|male|  色情vipA男|自然渠道|goddess|global|
#ONd9XsmN@rc.com|123456|9809|male|  色情vipA男|自然渠道|female|other|
#rnegjXRz@rc.com|123456|9810|male|  色情vipB男|自然渠道|female|global|
#OlsSpq9c@rc.com|123456|9811|male|  色情vipB男|自然渠道|female|global|
#BKXXkAdU@rc.com|123456|9812|male|  色情vipB男|自然渠道|goddess|other|
#9AoN74CW@rc.com|123456|9813|male|  色情vipB男|自然渠道|female|global|
#FLT8SQRy@rc.com|123456|9814|male|  色情vipC男|默认|female|global|
#kpkBwPcw@rc.com|123456|9815|male|  色情vipC男|默认|goddess|other|
#Qku9BzNW@rc.com|123456|9816|male|  色情vipC男|默认|female|global|
W1YB7nrN@rc.com|123456|9817|male|  色情vipC男|默认|female|global|
